epoch,q99_norm,AUROC,AUPR
53,0.3148865339159965,0.6950000000000001,0.7525206352239662
92,0.3180386784672737,0.7666666666666667,0.8351084155408084
108,0.5000205039978027,0.4833333333333333,0.5217560827341662
132,0.5000240164995193,0.8825000000000001,0.8934797738630755
149,0.5001173615455627,0.8091666666666667,0.7795950873734885
